<?xml version="1.0" encoding="UTF-8"?>
<!DOCTYPE generatorConfiguration
        PUBLIC "-//mybatis.org//DTD MyBatis Generator Configuration 1.0//EN"
        "http://mybatis.org/dtd/mybatis-generator-config_1_0.dtd">

<generatorConfiguration>

<!--    主要配置-->
    <context id="mysql" targetRuntime="MyBatis3Simple">

<!--        jdbc数据库连接-->
        <jdbcConnection driverClass="com.mysql.cj.jdbc.Driver"
                        connectionURL="jdbc:mysql://localhost:3306/employee?serverTimezone=UTC"
                        userId="root"
                        password="123456">
        </jdbcConnection>
<!--        java类处理器-->
        <javaTypeResolver >
            <property name="forceBigDecimals" value="false" />
        </javaTypeResolver>

<!--        实体类java生成-->
        <javaModelGenerator targetPackage="com.zyy.entity" targetProject="src/main/java">
            <property name="enableSubPackages" value="true" />
            <property name="trimStrings" value="true" />
            <property name="immutable" value="true"/>
        </javaModelGenerator>


<!--        sql映射文件-->
        <sqlMapGenerator targetPackage="mappers"  targetProject="src/main/resources">
            <property name="enableSubPackages" value="true" />
        </sqlMapGenerator>

<!--        sql映射接口-->
        <javaClientGenerator type="XMLMAPPER" targetPackage="com.zyy.mapper"  targetProject="src/main/java">
            <property name="enableSubPackages" value="true" />
        </javaClientGenerator>

<!--        生成的对应数据库的表 数据库还没有完成-->
        <table schema="employee" tableName="user_info" domainObjectName="User" >
            <property name="useActualColumnNames" value="true"/>
            <generatedKey column="ID" sqlStatement="mysql" identity="true" />

        </table>

    </context>
</generatorConfiguration>
