<?xml version="1.0" encoding="UTF-8"?>
<!DOCTYPE mapper PUBLIC "-//mybatis.org//DTD Mapper 3.0//EN" "http://mybatis.org/dtd/mybatis-3-mapper.dtd">
<mapper namespace="com.zyy.mapper.DeptMapper">
  <resultMap id="BaseResultMap" type="com.zyy.entity.Dept">
    <!--
      WARNING - @mbg.generated
      This element is automatically generated by MyBatis Generator, do not modify.
      This element was generated on Wed Sep 07 22:24:55 CST 2022.
    -->
    <constructor>
      <arg column="Id" javaType="java.lang.Integer" jdbcType="INTEGER" />
      <arg column="name" javaType="java.lang.String" jdbcType="VARCHAR" />
      <arg column="remark" javaType="java.lang.String" jdbcType="VARCHAR" />
    </constructor>
  </resultMap>
  <insert id="insert" parameterType="com.zyy.entity.Dept">
    <!--
      WARNING - @mbg.generated
      This element is automatically generated by MyBatis Generator, do not modify.
      This element was generated on Wed Sep 07 22:24:55 CST 2022.
    -->
    <selectKey keyProperty="id" order="AFTER" resultType="java.lang.Integer">
      SELECT LAST_INSERT_ID()
    </selectKey>
    insert into dept_info (name, remark)
    values (#{name,jdbcType=VARCHAR}, #{remark,jdbcType=VARCHAR})
  </insert>
  <select id="selectAll" resultMap="BaseResultMap">
    <!--
      WARNING - @mbg.generated
      This element is automatically generated by MyBatis Generator, do not modify.
      This element was generated on Wed Sep 07 22:24:55 CST 2022.
    -->
    select Id, name, remark
    from dept_info
  </select>
  <update id="updateByPrimaryKey" parameterType="com.zyy.entity.Dept">
     update dept_info
    set name = #{name,jdbcType=VARCHAR},
      remark = #{remark,jdbcType=VARCHAR}

    where Id = #{id,jdbcType=INTEGER}

  </update>
  <delete id="deleteByPrimaryKey" parameterType="com.zyy.entity.Dept">
     delete from dept_info
    where Id = #{id,jdbcType=INTEGER}
  </delete>
</mapper>