<?xml version="1.0" encoding="UTF-8"?>
<!DOCTYPE mapper PUBLIC "-//mybatis.org//DTD Mapper 3.0//EN" "http://mybatis.org/dtd/mybatis-3-mapper.dtd">
<mapper namespace="com.zyy.mapper.DoucmentMapper">
  <resultMap id="BaseResultMap" type="com.zyy.entity.Doucment">
    <!--
      WARNING - @mbg.generated
      This element is automatically generated by MyBatis Generator, do not modify.
      This element was generated on Wed Sep 07 22:23:37 CST 2022.
    -->
    <constructor>
      <arg column="Id" javaType="java.lang.Integer" jdbcType="INTEGER" />
      <arg column="title" javaType="java.lang.String" jdbcType="VARCHAR" />
      <arg column="Filename" javaType="java.lang.String" jdbcType="VARCHAR" />
      <arg column="remark" javaType="java.lang.String" jdbcType="VARCHAR" />
      <arg column="create_date" javaType="java.util.Date" jdbcType="TIMESTAMP" />
      <arg column="user_Id" javaType="java.lang.Integer" jdbcType="INTEGER" />
    </constructor>
  </resultMap>
  <insert id="insert" parameterType="com.zyy.entity.Doucment">
    <!--
      WARNING - @mbg.generated
      This element is automatically generated by MyBatis Generator, do not modify.
      This element was generated on Wed Sep 07 22:23:37 CST 2022.
    -->
    <selectKey keyProperty="id" order="AFTER" resultType="java.lang.Integer">
      SELECT LAST_INSERT_ID()
    </selectKey>
    insert into doucment_info (title, Filename, remark, 
      create_date, user_Id)
    values (#{title,jdbcType=VARCHAR}, #{filename,jdbcType=VARCHAR}, #{remark,jdbcType=VARCHAR}, 
      #{create_date,jdbcType=TIMESTAMP}, #{user_Id,jdbcType=INTEGER})
  </insert>
  <select id="selectAll" resultMap="BaseResultMap">
    <!--
      WARNING - @mbg.generated
      This element is automatically generated by MyBatis Generator, do not modify.
      This element was generated on Wed Sep 07 22:23:37 CST 2022.
    -->
    select Id, title, Filename, remark, create_date, user_Id
    from doucment_info
  </select>

  <delete id="deleteByPrimaryKey" parameterType="java.lang.Integer">
    <!--
      WARNING - @mbg.generated
      This element is automatically generated by MyBatis Generator, do not modify.
      This element was generated on Wed Sep 07 20:12:40 CST 2022.
    -->
    delete from doucment_info
    where Id = #{id,jdbcType=INTEGER}
  </delete>
</mapper>