<?xml version="1.0" encoding="UTF-8"?>
<!DOCTYPE mapper PUBLIC "-//mybatis.org//DTD Mapper 3.0//EN" "http://mybatis.org/dtd/mybatis-3-mapper.dtd">
<mapper namespace="com.zyy.mapper.EmployeeMapper">
  <resultMap id="BaseResultMap" type="com.zyy.entity.Employee">
    <!--
      WARNING - @mbg.generated
      This element is automatically generated by MyBatis Generator, do not modify.
      This element was generated on Wed Sep 07 22:21:52 CST 2022.
    -->
    <constructor>
      <arg column="Id" javaType="java.lang.Integer" jdbcType="INTEGER" />
      <arg column="dept_Id" javaType="java.lang.Integer" jdbcType="INTEGER" />
      <arg column="job_Id" javaType="java.lang.Integer" jdbcType="INTEGER" />
      <arg column="name" javaType="java.lang.String" jdbcType="VARCHAR" />
      <arg column="card_Id" javaType="java.lang.String" jdbcType="VARCHAR" />
      <arg column="address" javaType="java.lang.String" jdbcType="VARCHAR" />
      <arg column="post_code" javaType="java.lang.String" jdbcType="VARCHAR" />
      <arg column="tel" javaType="java.lang.String" jdbcType="VARCHAR" />
      <arg column="phone" javaType="java.lang.String" jdbcType="VARCHAR" />
      <arg column="qq" javaType="java.lang.String" jdbcType="VARCHAR" />
      <arg column="email" javaType="java.lang.String" jdbcType="VARCHAR" />
      <arg column="sex" javaType="java.lang.Integer" jdbcType="INTEGER" />
      <arg column="party" javaType="java.lang.String" jdbcType="VARCHAR" />
      <arg column="birthday" javaType="java.util.Date" jdbcType="TIMESTAMP" />
      <arg column="race" javaType="java.lang.String" jdbcType="VARCHAR" />
      <arg column="education" javaType="java.lang.String" jdbcType="VARCHAR" />
      <arg column="speciality" javaType="java.lang.String" jdbcType="VARCHAR" />
      <arg column="hobby" javaType="java.lang.String" jdbcType="VARCHAR" />
      <arg column="remark" javaType="java.lang.String" jdbcType="VARCHAR" />
      <arg column="create_date" javaType="java.util.Date" jdbcType="TIMESTAMP" />
    </constructor>
  </resultMap>
  <insert id="insert" parameterType="com.zyy.entity.Employee">
    <!--
      WARNING - @mbg.generated
      This element is automatically generated by MyBatis Generator, do not modify.
      This element was generated on Wed Sep 07 22:21:52 CST 2022.
    -->
    <selectKey keyProperty="id" order="AFTER" resultType="java.lang.Integer">
      SELECT LAST_INSERT_ID()
    </selectKey>
    insert into employee_info (dept_Id, job_Id, name, 
      card_Id, address, post_code, 
      tel, phone, qq, email, 
      sex, party, birthday, 
      race, education, speciality, 
      hobby, remark, create_date
      )
    values (#{dept_Id,jdbcType=INTEGER}, #{job_Id,jdbcType=INTEGER}, #{name,jdbcType=VARCHAR}, 
      #{card_Id,jdbcType=VARCHAR}, #{address,jdbcType=VARCHAR}, #{post_code,jdbcType=VARCHAR}, 
      #{tel,jdbcType=VARCHAR}, #{phone,jdbcType=VARCHAR}, #{qq,jdbcType=VARCHAR}, #{email,jdbcType=VARCHAR}, 
      #{sex,jdbcType=INTEGER}, #{party,jdbcType=VARCHAR}, #{birthday,jdbcType=TIMESTAMP}, 
      #{race,jdbcType=VARCHAR}, #{education,jdbcType=VARCHAR}, #{speciality,jdbcType=VARCHAR}, 
      #{hobby,jdbcType=VARCHAR}, #{remark,jdbcType=VARCHAR}, #{create_date,jdbcType=TIMESTAMP}
      )
  </insert>
  <select id="selectAll" resultMap="BaseResultMap">
    <!--
      WARNING - @mbg.generated
      This element is automatically generated by MyBatis Generator, do not modify.
      This element was generated on Wed Sep 07 22:21:52 CST 2022.
    -->
    select Id, dept_Id, job_Id, name, card_Id, address, post_code, tel, phone, qq, email, 
    sex, party, birthday, race, education, speciality, hobby, remark, create_date
    from employee_info
  </select>
  <delete id="deleteByPrimaryKey" parameterType="java.lang.Integer">
    <!--
      WARNING - @mbg.generated
      This element is automatically generated by MyBatis Generator, do not modify.
      This element was generated on Wed Sep 07 20:12:40 CST 2022.
    -->
    delete from employee_info
    where Id = #{id,jdbcType=INTEGER}
  </delete>
</mapper>