<?xml version="1.0" encoding="UTF-8"?>
<!DOCTYPE mapper PUBLIC "-//mybatis.org//DTD Mapper 3.0//EN" "http://mybatis.org/dtd/mybatis-3-mapper.dtd">
<mapper namespace="com.zyy.mapper.FaceMapper">
  <resultMap id="BaseResultMap" type="com.zyy.entity.Face">
    <!--
      WARNING - @mbg.generated
      This element is automatically generated by MyBatis Generator, do not modify.
      This element was generated on Wed Sep 07 22:21:15 CST 2022.
    -->
    <constructor>
      <arg column="Id" javaType="java.lang.Integer" jdbcType="INTEGER" />
      <arg column="appId" javaType="java.lang.String" jdbcType="VARCHAR" />
      <arg column="apiKey" javaType="java.lang.String" jdbcType="VARCHAR" />
      <arg column="secretKey" javaType="java.lang.String" jdbcType="VARCHAR" />
      <arg column="threshold" javaType="java.lang.Integer" jdbcType="INTEGER" />
    </constructor>
  </resultMap>
  <insert id="insert" parameterType="com.zyy.entity.Face">
    <!--
      WARNING - @mbg.generated
      This element is automatically generated by MyBatis Generator, do not modify.
      This element was generated on Wed Sep 07 22:21:15 CST 2022.
    -->
    <selectKey keyProperty="id" order="AFTER" resultType="java.lang.Integer">
      SELECT LAST_INSERT_ID()
    </selectKey>
    insert into facekey_info (appId, apiKey, secretKey, 
      threshold)
    values (#{appId,jdbcType=VARCHAR}, #{apiKey,jdbcType=VARCHAR}, #{secretKey,jdbcType=VARCHAR}, 
      #{threshold,jdbcType=INTEGER})
  </insert>
  <select id="selectAll" resultMap="BaseResultMap">
    <!--
      WARNING - @mbg.generated
      This element is automatically generated by MyBatis Generator, do not modify.
      This element was generated on Wed Sep 07 22:21:15 CST 2022.
    -->
    select Id, appId, apiKey, secretKey, threshold
    from facekey_info
  </select>
</mapper>