<?xml version="1.0" encoding="UTF-8"?>
<!DOCTYPE mapper PUBLIC "-//mybatis.org//DTD Mapper 3.0//EN" "http://mybatis.org/dtd/mybatis-3-mapper.dtd">
<mapper namespace="com.zyy.mapper.NoticeMapper">
  <resultMap id="BaseResultMap" type="com.zyy.entity.Notice">
    <!--
      WARNING - @mbg.generated
      This element is automatically generated by MyBatis Generator, do not modify.
      This element was generated on Thu Sep 15 14:00:09 CST 2022.
    -->
    <constructor>
      <idArg column="Id" javaType="java.lang.Integer" jdbcType="INTEGER" />
      <arg column="title" javaType="java.lang.String" jdbcType="VARCHAR" />
      <arg column="content" javaType="java.lang.String" jdbcType="VARCHAR" />
      <arg column="create_date" javaType="java.util.Date" jdbcType="TIMESTAMP" />
      <arg column="username" javaType="java.lang.String" jdbcType="VARCHAR" />
    </constructor>
  </resultMap>
  <delete id="deleteByPrimaryKey" parameterType="java.lang.Integer">
    <!--
      WARNING - @mbg.generated
      This element is automatically generated by MyBatis Generator, do not modify.
      This element was generated on Thu Sep 15 14:00:09 CST 2022.
    -->
    delete from notice_info
    where Id = #{id,jdbcType=INTEGER}
  </delete>
  <insert id="insert" parameterType="com.zyy.entity.Notice">
    <!--
      WARNING - @mbg.generated
      This element is automatically generated by MyBatis Generator, do not modify.
      This element was generated on Thu Sep 15 14:00:09 CST 2022.
    -->
    <selectKey keyProperty="id" order="AFTER" resultType="java.lang.Integer">
      SELECT LAST_INSERT_ID()
    </selectKey>
    insert into notice_info (title, content, create_date,
      username)
    values (#{title,jdbcType=VARCHAR}, #{content,jdbcType=VARCHAR}, #{create_date},
      #{username,jdbcType=VARCHAR})
  </insert>
  <update id="updateByPrimaryKey" parameterType="com.zyy.entity.Notice">
    <!--
      WARNING - @mbg.generated
      This element is automatically generated by MyBatis Generator, do not modify.
      This element was generated on Thu Sep 15 14:00:09 CST 2022.
    -->
    update notice_info
    set title = #{title,jdbcType=VARCHAR},
      content = #{content,jdbcType=VARCHAR},
      create_date = #{create_date,jdbcType=TIMESTAMP},
      username = #{username,jdbcType=VARCHAR}
    where Id = #{id,jdbcType=INTEGER}
  </update>
  <select id="selectByPrimaryKey" parameterType="java.lang.Integer" resultMap="BaseResultMap">
    <!--
      WARNING - @mbg.generated
      This element is automatically generated by MyBatis Generator, do not modify.
      This element was generated on Thu Sep 15 14:00:09 CST 2022.
    -->
    select Id, title, content, create_date, username
    from notice_info
    where Id = #{id,jdbcType=INTEGER}
  </select>
  <select id="selectAll" resultMap="BaseResultMap">
    <!--
      WARNING - @mbg.generated
      This element is automatically generated by MyBatis Generator, do not modify.
      This element was generated on Thu Sep 15 14:00:09 CST 2022.
    -->
    select Id, title, content, create_date, username
    from notice_info
  </select>
</mapper>