<?xml version="1.0" encoding="UTF-8"?>
<!DOCTYPE mapper PUBLIC "-//mybatis.org//DTD Mapper 3.0//EN" "http://mybatis.org/dtd/mybatis-3-mapper.dtd">
<mapper namespace="com.zyy.mapper.UserMapper">
  <resultMap id="BaseResultMap" type="com.zyy.entity.User">
    <!--
      WARNING - @mbg.generated
      This element is automatically generated by MyBatis Generator, do not modify.
      This element was generated on Wed Sep 07 20:12:40 CST 2022.
    -->
    <constructor>
      <idArg column="Id" javaType="java.lang.Integer" jdbcType="INTEGER" />
      <arg column="Loginname" javaType="java.lang.String" jdbcType="VARCHAR" />
      <arg column="password" javaType="java.lang.String" jdbcType="VARCHAR" />
      <arg column="status" javaType="java.lang.Integer" jdbcType="INTEGER" />
      <arg column="Createdate" javaType="java.util.Date" jdbcType="TIMESTAMP" />
      <arg column="username" javaType="java.lang.String" jdbcType="VARCHAR" />
      <arg column="faceurl" javaType="java.lang.String" jdbcType="VARCHAR" />
      <arg column="facepath" javaType="java.lang.String" jdbcType="VARCHAR" />
    </constructor>
  </resultMap>
  <delete id="deleteByPrimaryKey" parameterType="java.lang.Integer">
    <!--
      WARNING - @mbg.generated
      This element is automatically generated by MyBatis Generator, do not modify.
      This element was generated on Wed Sep 07 20:12:40 CST 2022.
    -->
    delete from user_info
    where Id = #{id,jdbcType=INTEGER}
  </delete>
  <insert id="insert" parameterType="com.zyy.entity.User">
    <!--
      WARNING - @mbg.generated
      This element is automatically generated by MyBatis Generator, do not modify.
      This element was generated on Wed Sep 07 20:12:40 CST 2022.
    -->
    <selectKey keyProperty="id" order="AFTER" resultType="java.lang.Integer">
      SELECT LAST_INSERT_ID()
    </selectKey>
    insert into user_info (Loginname, password, status, 
      Createdate, username, faceurl, 
      facepath)
    values (#{loginname,jdbcType=VARCHAR}, #{password,jdbcType=VARCHAR}, #{status,jdbcType=INTEGER}, 
      #{createdate,jdbcType=TIMESTAMP}, #{username,jdbcType=VARCHAR}, #{faceurl,jdbcType=VARCHAR}, 
      #{facepath,jdbcType=VARCHAR})
  </insert>
  <update id="updateByPrimaryKey" parameterType="com.zyy.entity.User">
    <!--
      WARNING - @mbg.generated
      This element is automatically generated by MyBatis Generator, do not modify.
      This element was generated on Wed Sep 07 20:12:40 CST 2022.
    -->
    update user_info
    set Loginname = #{loginname,jdbcType=VARCHAR},
      password = #{password,jdbcType=VARCHAR},
      status = #{status,jdbcType=INTEGER},
      Createdate = #{createdate,jdbcType=TIMESTAMP},
      username = #{username,jdbcType=VARCHAR},
      faceurl = #{faceurl,jdbcType=VARCHAR},
      facepath = #{facepath,jdbcType=VARCHAR}
    where Id = #{id,jdbcType=INTEGER}
  </update>
  <select id="selectByPrimaryKey" parameterType="java.lang.Integer" resultMap="BaseResultMap">
    <!--
      WARNING - @mbg.generated
      This element is automatically generated by MyBatis Generator, do not modify.
      This element was generated on Wed Sep 07 20:12:40 CST 2022.
    -->
    select Id, Loginname, password, status, Createdate, username, faceurl, facepath
    from user_info
    where Id = #{id,jdbcType=INTEGER}
  </select>
  <select id="selectAll" resultMap="BaseResultMap">
    <!--
      WARNING - @mbg.generated
      This element is automatically generated by MyBatis Generator, do not modify.
      This element was generated on Wed Sep 07 20:12:40 CST 2022.
    -->
    select Id, Loginname, password, status, Createdate, username, faceurl, facepath
    from user_info
  </select>
</mapper>